{
    "DL_Advanced": {
        "rf": 3.703284421677883e-05,
        "xgb": 0.00025266640939812507,
        "knn": 1.638368729897415e-10
    },
    "UL_Advanced": {
        "rf": 5.2274412246199237e-14,
        "xgb": 2.14273737073447e-06,
        "knn": 1.9706909747626936e-15
    }
}